date,watch_time_minutes,views,average_view_duration,average_percentage_viewed (%),subscribers,video_thumbnail_impressions,video_thumbnail_impressions_ctr (%),estimated_unique_viewers,subscribers_gained,likes,shares,comments,card_clicks,cards_shown,clicks_per_card_shown (%),card_teaser_clicks,card_teasers_shown,clicks_per_card_teaser_shown (%),end_screen_element_clicks,end_screen_elements_shown,clicks_per_end_screen_element_shown (%)
10/18/2018,23.5967,9,2.6219,46.77,0,146,1.37,9,0,0,0,0,0,0,,0,0,,0,0,
10/19/2018,38.049,24,1.5854,30.59,0,177,8.47,20,0,0,0,0,0,0,,0,0,,0,0,
10/20/2018,46.5309,19,2.449,45.49,0,198,8.08,17,0,-1,2,0,0,0,,0,0,,0,0,
10/21/2018,27.0954,17,1.5938,30.75,0,183,7.65,16,0,0,0,0,0,0,,0,0,,0,0,
10/22/2018,22.0638,16,1.379,26.6,0,143,4.9,15,0,0,0,0,0,0,,0,0,,0,0,
10/23/2018,19.8656,13,1.5281,29.48,0,139,7.19,13,0,0,0,0,0,0,,0,0,,0,0,
10/24/2018,30.347,15,2.0231,39.03,0,152,5.26,12,0,2,0,0,0,0,,0,0,,0,0,
10/25/2018,39.146,15,2.6097,48,0,147,5.44,13,0,0,0,0,0,0,,0,0,,0,0,
10/26/2018,21.8245,12,1.8187,35.09,0,146,6.16,10,0,0,0,0,0,0,,0,0,,0,0,
10/27/2018,33.431,24,1.393,26.87,1,200,8,20,1,1,0,0,0,0,,0,0,,0,0,
10/28/2018,58.8713,26,2.2643,43.68,0,183,8.2,22,0,1,1,0,0,0,,0,0,,0,0,
10/29/2018,23.8664,20,1.1933,23.02,0,186,5.91,17,0,3,0,1,0,0,,0,0,,0,0,
10/30/2018,40.9223,19,2.1538,41.55,0,177,7.34,18,0,0,0,0,0,0,,0,0,,0,0,
10/31/2018,19.5519,13,1.504,29.02,0,134,6.72,12,0,0,0,0,0,0,,0,0,,0,0,
11/1/2018,50.9772,24,2.124,33.07,0,160,13.13,16,0,1,0,0,0,0,,0,0,,0,0,
11/2/2018,31.0218,17,1.8248,33.75,1,145,8.97,16,1,1,0,1,0,0,,0,0,,0,0,
11/3/2018,25.0447,14,1.7889,34.51,0,131,7.63,14,0,1,0,0,0,0,,0,0,,0,0,
11/4/2018,42.3718,23,1.8422,31.67,2,230,6.52,21,2,1,0,0,0,0,,0,0,,0,0,
11/5/2018,16.6512,16,1.0407,20.08,1,222,4.5,10,1,0,1,1,0,0,,0,0,,0,0,
11/6/2018,30.8877,14,2.2063,42.56,0,139,6.47,14,0,0,0,0,0,0,,0,0,,0,0,
11/7/2018,22.0961,14,1.5783,30.45,1,208,2.88,10,1,1,1,0,0,0,,0,0,,0,0,
11/8/2018,31.806,18,1.767,32.76,0,177,8.47,16,0,1,1,0,0,0,,0,0,,0,0,
11/9/2018,21.8137,10,2.1814,39.21,0,136,3.68,10,0,0,0,0,0,0,,0,0,,0,0,
11/10/2018,30.9306,13,2.3793,43.45,0,128,7.81,12,0,0,0,0,0,0,,0,0,,0,0,
11/11/2018,48.0295,25,1.9212,29.02,1,229,7.86,19,1,0,1,0,0,0,,0,0,,0,0,
11/12/2018,53.1288,21,2.5299,31.17,0,149,6.04,16,0,1,0,0,0,0,,0,0,,0,0,
11/13/2018,87.0452,33,2.6377,34.2,0,238,5.88,27,0,1,1,0,0,0,,0,0,,0,0,
11/14/2018,87.6012,45,1.9467,23.24,0,199,7.54,37,0,0,0,0,0,0,,0,0,,0,6,0
11/15/2018,67.014,20,3.3507,51.47,1,144,4.86,17,1,0,0,0,0,0,,0,0,,0,33,0
11/16/2018,38.1506,14,2.725,45.35,0,100,6,13,0,0,0,0,0,0,,0,0,,0,12,0
11/17/2018,15.0436,11,1.3676,26.38,0,127,4.72,10,0,0,0,0,0,0,,0,0,,0,6,0
11/18/2018,51.5992,27,1.9111,32.7,0,150,10.67,24,0,0,0,0,0,0,,0,0,,0,27,0
11/19/2018,40.9379,27,1.5162,19.68,1,1003,1.6,17,1,3,0,0,0,0,,0,0,,0,18,0
11/20/2018,29.279,16,1.8299,28.94,0,776,0.9,13,0,0,0,0,0,0,,0,0,,1,21,4.76
11/21/2018,49.4434,14,3.5317,54.67,0,107,8.41,13,0,1,0,0,0,0,,0,0,,0,12,0
11/22/2018,9.6725,8,1.2091,21.23,1,105,2.86,7,1,0,0,0,0,0,,0,0,,0,3,0
11/23/2018,26.6747,11,2.425,37.94,0,94,6.38,9,0,0,0,0,0,0,,0,0,,0,3,0
11/24/2018,7.8121,5,1.5624,30.14,0,114,3.51,5,0,0,0,0,0,0,,0,0,,0,3,0
11/25/2018,25.0357,11,2.276,37.96,0,136,4.41,11,0,0,0,0,0,0,,0,0,,0,18,0
11/26/2018,45.6894,15,3.046,48.09,1,112,7.14,11,1,0,0,0,0,0,,0,0,,0,15,0
11/27/2018,28.9734,16,1.8108,25.61,0,115,5.22,12,0,0,0,0,0,0,,0,0,,0,18,0
11/28/2018,21.1477,13,1.6268,22.62,0,125,5.6,13,0,0,0,0,0,0,,0,0,,0,6,0
11/29/2018,13.9676,10,1.3968,20.32,0,147,6.12,5,0,0,0,0,0,0,,0,0,,0,6,0
11/30/2018,39.6627,8,4.9578,71.06,0,82,3.66,8,0,1,0,0,0,0,,0,0,,0,15,0
12/1/2018,52.3223,20,2.6161,36.75,0,118,9.32,18,0,1,0,0,0,0,,0,0,,0,18,0
12/2/2018,31.4534,12,2.6211,41.66,0,83,8.43,12,0,0,0,0,0,0,,0,0,,0,18,0
12/3/2018,27.2418,10,2.7242,41.07,0,125,6.4,9,0,0,0,0,0,0,,0,0,,0,12,0
12/4/2018,23.8622,13,1.8356,32.9,0,124,8.06,13,0,0,0,0,0,0,,0,0,,0,9,0
12/5/2018,23.3393,11,2.1218,33.83,0,101,5.94,11,0,0,0,0,0,0,,0,0,,0,6,0
12/6/2018,4.0627,4,1.0157,19.59,0,128,3.13,4,0,0,0,0,0,0,,0,0,,0,9,0
12/7/2018,7.3448,6,1.2241,23.62,0,79,6.33,6,0,0,0,0,0,0,,0,0,,0,0,
12/8/2018,23.3014,11,2.1183,34.41,1,78,8.97,8,1,1,0,0,0,0,,0,0,,0,9,0
12/9/2018,20.2498,13,1.5577,30.05,1,95,9.47,12,1,0,0,0,0,0,,0,0,,0,15,0
12/10/2018,28.5869,20,1.4293,22.49,0,97,7.22,13,0,7,0,0,0,0,,0,0,,0,18,0
12/11/2018,67.1603,31,2.1665,34.82,2,164,9.15,19,2,0,0,0,0,0,,0,0,,2,33,6.06
12/12/2018,30.0177,11,2.7289,45.06,-1,64,3.13,9,0,1,0,0,0,0,,0,0,,0,6,0
12/13/2018,22.4754,13,1.7289,31.57,0,110,7.27,11,0,0,0,0,0,0,,0,0,,0,9,0
12/14/2018,17.9892,8,2.2487,39.49,1,113,4.42,7,1,0,0,0,0,0,,0,0,,0,6,0
12/15/2018,28.0385,13,2.1568,41.61,0,104,8.65,12,0,0,0,0,0,0,,0,0,,0,15,0
12/16/2018,33.3574,13,2.5659,42.04,0,134,8.96,12,0,1,0,0,0,0,,0,0,,0,24,0
12/17/2018,37.6221,13,2.894,56.77,0,116,6.03,11,0,0,0,0,0,0,,0,0,,0,12,0
12/18/2018,22.2156,17,1.3068,24.75,0,143,9.09,14,0,2,0,0,0,0,,0,0,,0,6,0
12/19/2018,33.1072,14,2.3648,42.76,0,127,9.45,13,0,0,0,0,0,0,,0,0,,0,21,0
12/20/2018,32.7348,11,2.9759,57.41,0,103,3.88,9,0,0,0,0,0,0,,0,0,,0,15,0
12/21/2018,21.0414,10,2.1041,40.59,0,93,5.38,8,0,0,0,0,0,0,,0,0,,0,12,0
12/22/2018,35.5923,19,1.8733,23.16,0,137,4.38,10,0,0,0,0,0,0,,0,0,,0,33,0
12/23/2018,30.8371,20,1.5418,28.62,0,169,4.73,18,0,1,0,0,0,0,,0,0,,0,24,0
12/24/2018,36.619,21,1.7438,25.09,0,109,7.34,11,0,3,0,0,0,0,,0,0,,0,12,0
12/25/2018,33.108,26,1.2734,18.74,1,98,8.16,21,1,1,0,0,0,0,,0,0,,0,18,0
12/26/2018,12.1926,6,2.0321,31.28,0,90,3.33,5,0,0,0,0,0,0,,0,0,,0,3,0
12/27/2018,25.747,17,1.5145,27.61,0,144,7.64,14,0,0,0,0,0,0,,0,0,,0,18,0
12/28/2018,25.8814,11,2.3528,45.39,0,107,6.54,10,0,0,1,0,0,0,,0,0,,0,12,0
12/29/2018,24.8756,18,1.382,24.42,0,137,5.11,16,0,0,0,0,0,0,,0,0,,0,9,0
12/30/2018,16.0911,8,2.0114,29.38,0,110,5.45,8,0,0,0,0,0,0,,0,0,,0,3,0
12/31/2018,11.353,17,0.6678,11.87,0,106,6.6,14,0,0,0,0,0,0,,0,0,,0,6,0
1/1/2019,30.7728,15,2.0515,39.04,0,149,6.71,13,0,0,0,0,0,0,,0,0,,0,18,0
1/2/2019,27.7759,14,1.984,38.28,0,170,4.12,14,0,1,0,0,0,0,,0,0,,0,21,0
1/3/2019,52.5824,28,1.878,32.41,0,193,11.92,27,0,0,0,0,0,0,,0,0,,0,36,0
1/4/2019,23.7317,19,1.249,21.28,0,165,6.06,17,0,0,0,0,0,0,,0,0,,0,18,0
1/5/2019,45.1421,24,1.8809,29.61,0,125,8,18,0,1,0,0,0,0,,0,1,0,0,18,0
1/6/2019,65.7274,35,1.8779,33.19,0,261,8.81,29,0,2,0,0,0,0,,0,1,0,0,39,0
1/7/2019,38.8584,19,2.0452,37.16,0,124,7.26,17,0,0,3,0,0,0,,0,0,,0,18,0
1/8/2019,31.0904,18,1.7273,27.5,0,140,10,17,0,1,0,0,0,0,,0,1,0,0,15,0
1/9/2019,37.291,19,1.9627,32.74,0,109,7.34,17,0,0,0,0,0,0,,0,0,,0,15,0
1/10/2019,34.7264,16,2.1704,37.41,1,137,6.57,15,1,0,0,0,0,0,,0,2,0,0,18,0
1/11/2019,22.2964,11,2.0269,36.1,0,113,7.08,9,0,1,0,0,0,0,,0,0,,0,18,0
1/12/2019,20.8334,11,1.894,34.91,1,102,6.86,9,1,1,0,0,0,0,,0,1,0,1,12,8.33
1/13/2019,48.5907,18,2.6995,44.59,0,150,6.67,15,0,0,0,0,0,0,,0,1,0,0,21,0
1/14/2019,22.0553,11,2.005,35.49,2,133,4.51,11,2,2,0,0,0,0,,0,0,,0,12,0
1/15/2019,22.65,13,1.7423,34.34,0,179,3.35,11,0,1,0,0,0,0,,0,0,,0,6,0
1/16/2019,21.8344,11,1.9849,37.85,0,101,8.91,11,0,1,0,0,0,0,,0,0,,0,9,0
1/17/2019,67.6794,19,3.5621,49.61,2,165,7.27,11,2,1,0,1,0,0,,0,0,,0,9,0
1/18/2019,23.9305,14,1.7093,29.64,0,121,7.44,10,0,0,1,0,0,0,,0,1,0,1,15,6.67
1/19/2019,35.6786,18,1.9822,34.23,0,106,8.49,14,0,0,0,0,0,0,,0,1,0,0,18,0
1/20/2019,18.6597,13,1.4354,26.11,0,83,6.02,13,0,-1,0,0,0,0,,0,0,,0,6,0
1/21/2019,4.4469,7,0.6353,10.08,0,105,1.9,4,0,0,1,0,0,0,,0,2,0,0,0,
1/22/2019,7.1714,6,1.1952,17.91,0,109,2.75,6,0,0,0,0,0,0,,0,0,,0,3,0
1/23/2019,25.5095,11,2.319,38.43,0,82,7.32,11,0,0,0,0,0,0,,0,0,,0,9,0
1/24/2019,13.3142,5,2.6628,51.37,0,70,7.14,5,0,0,0,0,0,0,,0,0,,0,9,0
1/25/2019,26.8624,15,1.7908,29.17,0,112,10.71,13,0,0,0,0,0,0,,0,1,0,0,15,0
1/26/2019,54.4096,28,1.9432,36.2,0,170,11.76,21,0,2,0,0,0,0,,0,0,,0,27,0
1/27/2019,71.3896,27,2.6441,50.16,0,181,10.5,23,0,0,0,0,0,0,,0,1,0,1,27,3.7
1/28/2019,39.9393,21,1.9019,34.21,1,152,7.24,21,1,0,0,0,0,0,,0,0,,0,33,0
1/29/2019,40.2246,24,1.676,27.7,1,138,9.42,20,1,1,1,0,0,0,,0,0,,0,15,0
1/30/2019,56.2319,26,2.1628,36.25,0,135,6.67,17,0,0,0,0,0,0,,0,1,0,0,15,0
1/31/2019,90.4155,33,2.7399,43.7,2,190,12.11,25,2,6,0,0,0,0,,0,3,0,0,30,0
2/1/2019,17.3206,13,1.3324,24.59,0,97,6.19,12,0,0,0,0,0,0,,0,1,0,0,9,0
2/2/2019,83.2378,33,2.5224,39.57,0,124,12.1,18,0,1,4,0,0,0,,0,0,,0,30,0
2/3/2019,40.1165,20,2.0058,25.69,0,154,3.9,16,0,2,0,1,0,1,0,1,4,25,0,6,0
2/4/2019,71.9322,34,2.1157,27.05,1,170,7.65,19,1,5,0,2,0,0,,0,7,0,1,27,3.7
2/5/2019,52.7636,22,2.3984,37.11,0,211,6.64,19,0,1,0,0,0,0,,0,1,0,0,24,0
2/6/2019,42.5206,21,2.0248,33.86,0,134,11.19,18,0,1,0,0,0,0,,0,1,0,0,18,0
2/7/2019,31.7759,17,1.8692,34.06,1,164,7.93,15,1,2,0,0,0,0,,0,1,0,0,12,0
2/8/2019,19.9598,8,2.495,47.37,0,103,4.85,8,0,0,0,0,0,0,,0,1,0,0,12,0
2/9/2019,51.4797,20,2.574,39.64,0,144,6.25,17,0,0,0,0,0,0,,0,0,,0,18,0
2/10/2019,36.6219,18,2.0345,28.65,0,144,5.56,13,0,1,3,0,0,0,,0,0,,0,9,0
2/11/2019,19.0095,11,1.7281,30.92,0,105,6.67,11,0,0,0,0,0,0,,0,0,,0,6,0
2/12/2019,17.718,6,2.953,50.72,1,134,3.73,5,1,1,0,0,0,0,,0,1,0,1,3,33.33
2/13/2019,37.8473,16,2.3655,41.54,1,127,6.3,12,1,0,0,0,0,0,,0,0,,0,15,0
2/14/2019,19.1937,16,1.1996,18.19,0,105,9.52,14,0,0,0,0,0,0,,0,1,0,0,3,0
2/15/2019,22.2955,13,1.715,28.69,0,103,8.74,11,0,0,0,0,0,0,,0,0,,0,6,0
2/16/2019,29.8982,16,1.8686,32.59,0,168,9.52,12,0,0,0,0,0,0,,0,0,,0,9,0
2/17/2019,44.63,18,2.4794,41.21,0,178,6.74,14,0,0,0,0,0,0,,0,3,0,0,21,0
2/18/2019,67.882,25,2.7153,39.98,0,399,4.51,14,0,2,0,0,0,0,,0,1,0,0,33,0
2/19/2019,58.5621,26,2.2524,33.1,0,626,3.04,22,0,2,0,0,0,0,,0,2,0,0,15,0
2/20/2019,34.3714,17,2.0219,28.83,1,112,7.14,11,1,1,0,0,0,0,,0,2,0,1,21,4.76
2/21/2019,57.3795,22,2.6082,42.26,1,257,5.06,18,1,1,1,0,0,0,,0,0,,0,24,0
2/22/2019,26.1958,13,2.0151,33.33,1,263,3.42,13,1,1,0,0,0,0,,0,2,0,0,6,0
2/23/2019,21.3302,11,1.9391,30.96,0,536,1.31,11,0,0,0,0,0,0,,0,0,,0,3,0
2/24/2019,29.9021,18,1.6612,25.28,1,356,3.65,16,1,0,0,0,0,0,,0,0,,1,9,11.11
2/25/2019,42.9492,17,2.5264,41.44,0,485,2.06,16,0,1,0,0,0,0,,0,0,,0,15,0
2/26/2019,80.2088,29,2.7658,41.48,2,809,2.47,19,2,1,0,0,0,0,,0,1,0,0,33,0
2/27/2019,18.7282,12,1.5607,20.37,1,408,1.47,10,1,0,0,0,0,0,,0,0,,0,3,0
2/28/2019,83.8841,46,1.8236,25.72,6,1106,3.07,32,6,1,0,1,0,0,,0,2,0,1,24,4.17
3/1/2019,44.1148,19,2.3218,38.67,1,199,5.53,17,1,1,0,0,0,0,,0,0,,0,21,0
3/2/2019,17.6931,13,1.361,30.17,-1,374,2.41,11,0,1,0,0,0,0,,0,0,,0,6,0
3/3/2019,41.2331,32,1.2885,32.72,1,397,4.53,20,1,2,0,0,0,0,,0,0,,1,33,3.03
3/4/2019,93.0813,68,1.3688,30.76,3,1194,3.43,41,3,7,0,1,0,0,,0,0,,0,60,0
3/5/2019,39.6634,27,1.469,33.43,3,628,2.23,21,3,0,0,1,0,0,,0,2,0,0,24,0
3/6/2019,33.9084,36,0.9419,21.45,3,647,3.25,21,3,1,0,3,0,0,,0,2,0,0,27,0
3/7/2019,77.3779,24,3.2241,58.25,1,485,2.68,16,1,4,0,1,0,1,0,1,2,50,0,33,0
3/8/2019,22.6887,15,1.5126,28.81,0,299,3.34,13,0,0,0,0,0,0,,0,0,,0,9,0
3/9/2019,102.3501,51,2.0069,32.72,2,671,3.73,33,3,6,0,1,0,0,,0,2,0,0,27,0
3/10/2019,75.4028,27,2.7927,38.21,1,364,3.85,21,1,2,0,0,0,0,,0,0,,0,21,0
3/11/2019,76.5277,34,2.2508,39.5,2,659,2.88,19,2,3,0,0,0,0,,0,0,,0,21,0
3/12/2019,47.6214,30,1.5874,29.15,1,468,2.78,18,1,0,0,1,0,0,,0,0,,1,21,4.76
3/13/2019,31.3425,19,1.6496,30.51,1,282,2.84,13,1,2,0,0,0,0,,0,2,0,1,21,4.76
3/14/2019,14.4936,16,0.9058,17.43,1,339,3.24,11,1,1,0,0,0,0,,0,1,0,0,12,0
3/15/2019,49.4,24,2.0583,36.16,0,451,2.44,12,0,0,0,0,0,0,,0,0,,0,15,0
3/16/2019,29.8541,21,1.4216,28.54,0,331,2.42,18,0,1,0,0,0,0,,0,0,,0,18,0
3/17/2019,13.7845,17,0.8109,13.66,1,340,2.65,13,1,0,0,0,0,0,,0,0,,0,6,0
3/18/2019,79.4217,22,3.6101,59.13,2,355,3.94,17,2,0,0,0,0,0,,0,1,0,0,21,0
3/19/2019,107.9027,54,1.9982,31.6,1,582,6.01,29,1,0,0,0,0,0,,0,5,0,0,54,0
3/20/2019,317.1192,200,1.5856,29.78,113,2447,2.94,136,121,5,1,0,2,1,200,1,3,33.33,0,102,0
3/21/2019,140.8371,86,1.6376,31.14,22,1157,3.98,56,23,7,0,0,0,0,,0,3,0,0,54,0
3/22/2019,32.4667,22,1.4758,25.78,3,367,3,18,4,1,0,0,0,0,,0,0,,0,21,0
3/23/2019,66.8144,31,2.1553,42.9,5,508,3.15,23,5,3,0,0,0,0,,0,3,0,0,39,0
3/24/2019,34.0393,25,1.3616,22.78,3,468,4.06,22,3,0,0,0,0,0,,0,0,,0,21,0
3/25/2019,49.5689,24,2.0654,33.35,1,312,2.56,20,1,0,0,0,0,0,,0,0,,0,15,0
3/26/2019,119.6273,37,3.2332,51.7,2,336,5.36,31,2,1,0,0,0,0,,0,1,0,0,30,0
3/27/2019,46.7621,19,2.4612,45.2,0,176,5.68,17,0,2,1,0,0,0,,0,1,0,0,15,0
3/28/2019,57.2375,22,2.6017,44.69,0,240,4.58,16,0,0,0,0,0,0,,0,0,,0,15,0
3/29/2019,84.4851,31,2.7253,46.75,3,350,5.43,27,3,3,0,1,0,0,,0,1,0,0,30,0
3/30/2019,81.2232,33,2.4613,38.25,1,336,7.74,23,1,0,0,0,0,0,,0,4,0,0,24,0
3/31/2019,39.5294,17,2.3252,36.52,0,227,5.29,17,0,0,0,0,0,0,,0,0,,0,15,0
4/1/2019,37.0496,15,2.47,34.53,0,205,5.85,14,0,0,0,1,0,0,,0,1,0,0,9,0
4/2/2019,32.6928,26,1.2574,24.55,0,279,5.02,21,0,1,0,0,0,0,,0,1,0,0,18,0
4/3/2019,31.2605,22,1.4209,24.37,0,269,3.72,18,0,0,0,0,0,0,,0,0,,0,15,0
4/4/2019,26.1304,22,1.1878,19.62,2,282,4.96,17,2,1,0,0,0,0,,0,1,0,0,21,0
4/5/2019,29.3605,20,1.468,26.4,0,258,2.33,18,0,1,0,0,0,0,,0,0,,0,15,0
4/6/2019,28.772,20,1.4386,22.97,0,226,7.52,19,0,3,0,0,0,0,,0,1,0,0,9,0
4/7/2019,59.0744,30,1.9691,33.39,2,279,7.89,24,2,1,0,0,0,0,,0,0,,0,24,0
4/8/2019,91.9222,29,3.1697,49.52,0,237,7.59,18,0,0,0,0,0,0,,0,1,0,0,30,0
4/9/2019,47.4419,28,1.6944,28.88,0,185,10.81,22,0,0,0,0,1,1,100,0,1,0,0,21,0
4/10/2019,37.4146,19,1.9692,33.36,1,193,5.18,17,1,1,0,0,0,0,,0,2,0,0,21,0
4/11/2019,14.4566,15,0.9638,15.43,0,147,4.76,14,0,0,0,0,0,0,,0,0,,0,3,0
4/12/2019,72.4451,27,2.6831,42.85,0,391,4.86,21,0,3,1,0,0,0,,0,0,,0,21,0
4/13/2019,53.5182,32,1.6724,27.93,0,404,4.46,23,0,0,0,1,0,0,,0,1,0,1,15,6.67
4/14/2019,24.1742,14,1.7267,24.66,0,196,4.08,13,0,0,0,0,0,0,,0,0,,0,15,0
4/15/2019,34.9027,18,1.939,32.88,0,216,3.24,15,0,0,0,0,0,0,,0,0,,0,15,0
4/16/2019,30.6963,19,1.6156,27.65,0,253,4.35,14,0,0,0,0,0,0,,0,0,,0,15,0
4/17/2019,53.2127,31,1.7165,30.82,2,404,4.46,19,2,1,0,1,0,0,,0,0,,0,21,0
4/18/2019,53.0673,38,1.3965,22.4,0,645,4.19,21,0,3,1,2,0,0,,0,4,0,0,30,0
4/19/2019,75.7679,39,1.9428,39.09,2,420,5.71,27,2,3,0,0,0,0,,0,1,0,1,30,3.33
4/20/2019,87.0999,35,2.4886,36.32,1,393,5.34,22,1,1,1,2,0,0,,0,1,0,0,12,0
4/21/2019,45.9466,20,2.2973,36.77,0,372,4.03,16,0,1,0,0,1,1,100,1,1,100,0,6,0
4/22/2019,70.4014,27,2.6075,40.69,0,255,6.27,21,0,1,2,0,0,0,,0,1,0,1,30,3.33
4/23/2019,47.8525,17,2.8148,43.1,0,256,4.3,15,0,1,0,0,0,0,,0,1,0,0,12,0
4/24/2019,52.3293,31,1.6881,28.59,2,328,3.96,23,2,0,1,0,0,0,,0,2,0,0,24,0
4/25/2019,179.1658,69,2.5966,41.44,0,539,7.42,42,0,5,0,1,0,0,,0,2,0,0,51,0
4/26/2019,28.56,23,1.2417,23.61,1,315,4.44,19,1,1,0,1,0,0,,0,0,,0,15,0
4/27/2019,105.7465,41,2.5792,39.24,1,415,6.99,20,1,0,1,3,0,0,,0,0,,0,39,0
4/28/2019,142.845,50,2.8569,43.07,2,371,8.89,34,3,5,0,0,0,1,0,1,4,25,1,44,2.27
4/29/2019,68.3342,23,2.971,42.79,1,261,6.9,18,1,1,0,0,0,0,,0,2,0,0,27,0
4/30/2019,79.0984,22,3.5954,53.41,1,327,3.67,19,1,1,0,0,0,0,,0,4,0,1,30,3.33
5/1/2019,52.5862,27,1.9476,29.71,-1,342,4.97,21,0,0,0,0,0,0,,0,0,,0,18,0
5/2/2019,98.2359,31,3.1689,52.3,0,289,5.19,26,0,1,0,1,0,0,,0,4,0,0,27,0
5/3/2019,33.7041,17,1.9826,33.24,0,282,3.55,17,0,0,0,0,0,0,,0,1,0,0,12,0
5/4/2019,86.3694,29,2.9783,47.12,3,371,5.39,22,3,0,0,0,1,1,100,1,2,50,0,27,0
5/5/2019,67.4325,34,1.9833,26.77,0,254,3.94,26,1,1,0,0,0,0,,0,1,0,0,15,0
5/6/2019,82.9697,34,2.4403,32.41,2,369,6.23,30,2,4,0,0,0,0,,0,2,0,1,27,3.7
5/7/2019,77.3368,25,3.0935,38.05,0,361,5.26,20,0,1,0,1,0,0,,0,1,0,0,21,0
5/8/2019,54.9917,29,1.8963,23.91,0,367,5.72,22,0,0,0,0,0,0,,0,0,,0,18,0
5/9/2019,119.8594,28,4.2807,51.12,1,312,7.05,22,1,0,0,0,0,0,,0,0,,0,6,0
5/10/2019,123.5866,55,2.247,33.76,2,395,8.1,37,2,4,0,1,0,0,,0,9,0,0,57,0
5/11/2019,90.7943,39,2.3281,33.01,1,394,7.11,26,1,2,0,0,0,0,,0,2,0,0,24,0
5/12/2019,94.4235,32,2.9507,43.64,1,359,6.69,23,1,0,0,0,0,0,,0,1,0,0,39,0
5/13/2019,179.4122,61,2.9412,39.3,2,555,7.21,44,2,3,0,0,0,0,,0,3,0,0,36,0
5/14/2019,138.5461,56,2.474,36.1,2,461,7.81,39,2,1,0,1,0,0,,0,1,0,0,51,0
5/15/2019,136.5734,55,2.4832,40.56,1,424,8.02,41,1,3,0,0,0,1,0,0,4,0,1,54,1.85
5/16/2019,156.034,46,3.392,43.96,2,366,9.56,39,2,4,0,1,0,0,,0,1,0,0,36,0
5/17/2019,223.4108,59,3.7866,50.74,1,445,8.31,44,2,3,0,1,1,1,100,1,4,25,1,42,2.38
5/18/2019,124.8742,55,2.2704,32.11,4,551,7.26,33,4,2,1,2,0,0,,0,2,0,2,36,5.56
5/19/2019,127.1603,59,2.1553,35.61,3,674,6.53,42,3,2,0,0,0,0,,0,3,0,0,36,0
5/20/2019,152.0963,69,2.2043,33.96,0,553,7.78,46,1,2,0,0,0,0,,0,1,0,7,57,12.28
5/21/2019,116.9026,47,2.4873,37.97,2,418,8.61,34,2,5,0,1,0,0,,0,0,,1,45,2.22
5/22/2019,179.9512,60,2.9992,42.29,1,603,6.47,37,1,2,0,0,0,0,,0,5,0,3,57,5.26
5/23/2019,89.0928,39,2.2844,34.22,0,433,5.31,34,1,0,0,0,0,0,,0,2,0,2,36,5.56
5/24/2019,135.1685,61,2.2159,29.59,2,468,6.62,45,4,1,0,0,0,0,,0,4,0,1,33,3.03
5/25/2019,154.5876,75,2.0612,31.82,2,782,5.63,47,3,7,1,3,0,0,,0,0,,1,30,3.33
5/26/2019,128.7739,48,2.6828,43.46,0,475,6.53,38,0,2,0,0,0,0,,0,2,0,1,30,3.33
5/27/2019,160.7494,61,2.6352,39.03,0,567,7.58,39,0,0,0,1,1,1,100,1,3,33.33,1,54,1.85
5/28/2019,160.8924,58,2.774,38.14,1,688,4.94,40,1,6,0,1,0,0,,0,2,0,0,42,0
5/29/2019,132.216,68,1.9444,29.57,-1,552,8.51,46,0,1,0,0,0,1,0,0,2,0,0,39,0
5/30/2019,133.4762,47,2.8399,44.45,1,489,5.93,39,1,2,0,0,1,1,100,1,1,100,1,27,3.7
5/31/2019,92.9398,46,2.0204,32.11,1,440,7.27,36,1,0,0,0,0,0,,0,1,0,0,18,0
6/1/2019,76.3899,42,1.8188,32.51,0,344,6.98,40,0,0,1,0,0,0,,0,0,,1,39,2.56
6/2/2019,114.6727,51,2.2485,33.71,3,571,6.13,36,3,1,0,1,0,0,,0,5,0,2,45,4.44
6/3/2019,131.5514,55,2.3918,31.84,1,365,8.77,40,1,5,0,0,1,1,100,1,3,33.33,1,36,2.78
6/4/2019,173.162,62,2.7929,40.33,3,526,7.41,44,3,2,0,0,0,0,,0,3,0,1,48,2.08
6/5/2019,147.4538,58,2.5423,38.21,1,534,5.62,35,1,0,0,1,0,0,,0,2,0,0,39,0
6/6/2019,123.9933,52,2.3845,34.48,2,533,6.57,45,2,1,0,0,0,0,,0,1,0,1,48,2.08
6/7/2019,127.7489,51,2.5049,33.16,1,555,6.49,36,1,4,2,0,0,0,,0,2,0,1,33,3.03
6/8/2019,143.6136,54,2.6595,40.03,2,446,6.28,40,2,1,1,1,0,0,,0,1,0,1,33,3.03
6/9/2019,112.2353,37,3.0334,47.52,2,480,4.79,32,2,2,1,0,0,0,,0,1,0,1,30,3.33
6/10/2019,97.5667,47,2.0759,31.52,1,467,6.85,37,1,0,0,0,0,0,,0,2,0,0,21,0
6/11/2019,199.8175,85,2.3508,34.48,1,719,6.26,62,1,2,1,1,1,1,100,1,8,12.5,1,58,1.72
6/12/2019,183.4502,62,2.9589,45.81,3,632,7.75,47,4,3,0,0,0,0,,0,0,,1,52,1.92
6/13/2019,183.234,72,2.5449,39.92,1,724,5.66,46,1,4,0,0,1,1,100,1,8,12.5,1,54,1.85
6/14/2019,112.4017,42,2.6762,45.81,1,523,5.74,37,1,1,0,0,0,0,,0,1,0,0,24,0
6/15/2019,190.376,70,2.7197,37.85,1,810,5.93,51,1,8,0,3,0,0,,0,0,,2,50,4
6/16/2019,537.743,226,2.3794,41.19,89,3049,4.2,141,93,5,2,1,1,1,100,1,4,25,2,161,1.24
6/17/2019,312.1131,131,2.3826,39.71,19,1733,3.98,87,19,5,1,0,0,0,,0,2,0,1,85,1.18
6/18/2019,190.0368,85,2.2357,37.35,4,911,5.27,62,4,4,0,0,0,0,,0,3,0,1,58,1.72
6/19/2019,223.7325,77,2.9056,46.13,2,771,5.84,63,2,1,1,0,0,0,,0,3,0,0,51,0
6/20/2019,181.1489,68,2.6639,39.03,2,667,7.2,53,2,2,0,1,0,0,,0,6,0,0,36,0
6/21/2019,416.318,105,3.9649,49.93,5,984,7.42,76,6,8,1,1,0,0,,0,6,0,3,86,3.49
6/22/2019,246.3026,84,2.9322,41.74,5,919,5.98,57,5,1,0,2,1,1,100,1,12,8.33,3,69,4.35
6/23/2019,205.2124,75,2.7362,39.9,3,934,5.25,66,3,3,0,0,0,0,,0,4,0,1,52,1.92
6/24/2019,181.4534,73,2.4857,38.81,1,704,7.53,56,1,0,0,0,0,0,,0,3,0,1,31,3.23
6/25/2019,218.8428,72,3.0395,45.11,1,589,8.83,60,1,0,0,0,0,0,,0,3,0,0,60,0
6/26/2019,206.2446,60,3.4374,51.32,2,704,6.53,49,2,2,2,0,0,0,,0,4,0,2,48,4.17
6/27/2019,117.3468,47,2.4967,37.39,0,596,5.37,37,0,1,0,0,0,0,,0,2,0,0,42,0
6/28/2019,100.6606,54,1.8641,28.63,1,619,6.46,44,1,1,0,0,2,4,50,2,5,40,0,42,0
6/29/2019,78.5964,38,2.0683,32.17,1,547,4.39,32,1,1,0,0,0,0,,0,0,,1,22,4.55
6/30/2019,325.5916,118,2.7593,41.71,2,938,7.14,87,3,11,0,1,0,0,,0,1,0,4,70,5.71
7/1/2019,198.5294,82,2.4211,39.2,2,1026,4.78,65,2,3,0,0,0,0,,0,6,0,1,52,1.92
7/2/2019,236.8253,85,2.7862,43.8,2,903,6.09,64,2,1,0,0,0,0,,0,7,0,1,69,1.45
7/3/2019,159.5297,69,2.312,33.87,3,680,7.65,54,3,2,0,0,0,0,,0,1,0,2,38,5.26
7/4/2019,127.0241,60,2.1171,34.52,2,626,5.91,52,2,1,0,0,0,0,,0,2,0,0,48,0
7/5/2019,237.708,86,2.764,27.9,5,1249,4.88,60,6,7,1,0,0,0,,0,5,0,2,50,4
7/6/2019,237.322,81,2.9299,34.9,3,774,6.07,56,3,3,0,0,0,0,,0,2,0,1,43,2.33
7/7/2019,254.3063,85,2.9918,38.93,2,1010,5.84,59,2,2,0,0,0,0,,0,3,0,2,74,2.7
7/8/2019,215.6393,92,2.3439,28.07,8,1026,5.07,67,8,2,0,3,0,0,,0,4,0,1,58,1.72
7/9/2019,209.5851,77,2.7219,36.64,1,839,4.53,43,1,3,0,1,1,1,100,2,8,25,3,70,4.29
7/10/2019,224.6658,82,2.7398,35.73,1,710,6.2,59,1,3,0,1,0,0,,0,1,0,1,55,1.82
7/11/2019,199.7991,72,2.775,41.79,3,891,5.5,62,3,0,0,1,0,0,,0,7,0,0,42,0
7/12/2019,190.8729,81,2.3565,34.7,4,680,7.94,66,5,4,0,0,0,0,,0,2,0,0,57,0
7/13/2019,298.6414,159,1.8782,15.29,33,1979,4.3,107,50,4,0,0,0,0,,0,18,0,2,80,2.5
7/14/2019,482.1096,242,1.9922,18.25,57,2655,4.9,142,78,9,2,4,1,2,50,1,19,5.26,4,132,3.03
7/15/2019,336.0626,119,2.8241,33.32,-28,1365,5.86,81,5,2,1,0,0,0,,0,4,0,0,78,0
7/16/2019,883.421,262,3.3718,34.09,17,2348,6.77,178,18,8,1,2,0,1,0,1,12,8.33,5,154,3.25
7/17/2019,1031.3256,308,3.3485,33.75,16,3185,6.28,211,17,11,1,1,0,0,,0,8,0,3,159,1.89
7/18/2019,459.2948,150,3.062,33.63,5,1728,5.21,102,5,13,1,0,0,1,0,1,15,6.67,1,115,0.87
7/19/2019,356.735,133,2.6822,28.4,1,1647,4.49,85,1,5,0,1,0,3,0,3,24,12.5,1,79,1.27
7/20/2019,140.6414,70,2.0092,22.41,0,749,3.74,46,0,2,0,0,1,2,50,2,4,50,2,35,5.71
7/21/2019,184.6094,78,2.3668,33.38,1,749,6.54,58,1,0,0,0,0,0,,0,7,0,0,51,0
7/22/2019,278.3794,100,2.7838,33.88,5,1090,6.7,59,7,10,0,0,0,1,0,1,6,16.67,0,69,0
7/23/2019,493.4705,241,2.0476,23.52,10,1353,5.32,176,14,8,7,2,0,0,,0,26,0,3,93,3.23
7/24/2019,532.1596,202,2.6345,31.67,10,1571,4.71,154,10,13,1,2,0,0,,0,10,0,1,106,0.94
7/25/2019,475.4516,172,2.7642,31.35,22,2017,4.81,93,25,4,0,1,0,1,0,1,17,5.88,6,92,6.52
7/26/2019,358.6601,132,2.7171,29.26,7,1191,5.96,86,7,4,0,1,2,3,66.67,1,10,10,8,92,8.7
7/27/2019,250.0454,85,2.9417,32.91,3,834,7.19,57,4,1,1,0,0,0,,0,3,0,1,58,1.72
7/28/2019,245.834,86,2.8585,39.33,1,734,6.95,72,2,5,0,0,0,0,,0,6,0,2,75,2.67
7/29/2019,460.8925,145,3.1786,36.34,4,1089,7.25,111,5,9,2,2,0,2,0,2,11,18.18,8,76,10.53
7/30/2019,1139.6423,440,2.5901,22.92,20,2625,5.52,323,20,21,5,4,2,2,100,2,31,6.45,1,154,0.65
7/31/2019,566.3358,208,2.7228,27.63,26,1519,4.67,153,26,8,5,3,1,2,50,1,20,5,2,104,1.92
8/1/2019,453.8153,156,2.9091,34.89,26,1548,4.84,110,27,8,0,0,0,0,,0,13,0,3,95,3.16
8/2/2019,453.2597,161,2.8153,30.07,11,1633,6.67,96,11,15,0,0,0,0,,0,19,0,4,82,4.88
8/3/2019,490.5072,148,3.3142,32.25,8,1310,6.11,117,9,6,0,2,0,2,0,2,16,12.5,1,82,1.22
8/4/2019,451.8401,145,3.1161,35.34,6,1732,5.31,97,7,4,1,1,1,2,50,1,24,4.17,1,103,0.97
8/5/2019,589.9234,201,2.935,33.5,15,2624,4.38,139,16,14,0,1,0,0,,0,31,0,1,142,0.7
8/6/2019,788.6765,449,1.7565,16.32,22,2788,4.02,328,26,13,4,1,0,2,0,2,25,8,4,169,2.37
8/7/2019,945.7572,355,2.6641,25.89,9,2638,3.94,273,9,20,1,5,1,6,16.67,4,58,6.9,4,162,2.47
8/8/2019,931.238,325,2.8653,31.85,15,3007,5.55,217,15,24,0,4,1,12,8.33,9,94,9.57,10,189,5.29
8/9/2019,970.1851,399,2.4315,27.32,25,2543,4.68,309,27,19,3,1,3,10,30,7,75,9.33,5,173,2.89
8/10/2019,588.9609,249,2.3653,26.77,8,2336,4.2,173,8,13,2,2,1,7,14.29,3,33,9.09,3,120,2.5
8/11/2019,798.4494,254,3.1435,21.94,10,3037,4.97,164,11,20,1,2,1,1,100,0,59,0,3,119,2.52
8/12/2019,518.0157,180,2.8779,18.87,6,2405,3.87,132,6,3,1,2,0,7,0,4,36,11.11,1,91,1.1
8/13/2019,275.0085,136,2.0221,19.14,7,1634,4.59,100,7,9,1,0,0,0,,0,12,0,0,51,0
8/14/2019,658.7155,228,2.8891,28.36,39,1966,5.54,153,40,6,0,1,0,0,,0,20,0,5,161,3.11
8/15/2019,313.2972,127,2.4669,23.87,11,1304,5.52,89,11,4,1,1,0,0,,0,18,0,1,79,1.27
8/16/2019,245.2294,120,2.0436,19.31,7,1322,5.3,94,7,3,0,0,0,0,,0,10,0,1,70,1.43
8/17/2019,281.0964,109,2.5789,27.79,5,1195,6.28,87,5,5,0,1,0,0,,0,13,0,1,54,1.85
8/18/2019,520.487,183,2.8442,35.37,6,2064,6.1,126,6,10,1,3,0,0,,0,11,0,2,116,1.72
8/19/2019,825.0912,269,3.0673,36.34,18,2267,5.25,202,18,9,4,1,0,3,0,2,21,9.52,5,172,2.91
8/20/2019,441.4105,158,2.7937,31.4,8,1585,5.68,119,9,5,1,1,0,0,,0,17,0,2,101,1.98
8/21/2019,411.5093,139,2.9605,26.6,10,1331,6.24,113,10,3,1,0,0,0,,0,11,0,0,69,0
8/22/2019,404.2234,136,2.9722,29.99,5,1357,6.41,95,5,13,3,2,1,1,100,1,21,4.76,0,87,0
8/23/2019,339.4749,137,2.4779,23.05,6,1263,6.57,97,6,12,0,1,1,2,50,1,16,6.25,6,66,9.09
8/24/2019,369.497,140,2.6393,27.46,5,1208,7.2,101,5,4,2,0,0,4,0,3,19,15.79,3,72,4.17
8/25/2019,343.2187,110,3.1202,34.63,3,1183,5.16,76,4,2,0,0,0,2,0,1,16,6.25,1,79,1.27
8/26/2019,411.7949,205,2.0088,29.18,5,2199,5,156,7,15,3,9,1,3,33.33,1,11,9.09,0,78,0
8/27/2019,349.7098,174,2.0098,25.44,8,1637,6.05,116,8,15,0,0,2,2,100,2,15,13.33,0,75,0
8/28/2019,509.2001,166,3.0675,32.27,9,1310,8.47,123,10,2,1,1,1,2,50,1,18,5.56,1,100,1
8/29/2019,293.0976,118,2.4839,29.98,3,1093,6.13,99,4,2,1,0,0,0,,0,8,0,2,68,2.94
8/30/2019,241.509,87,2.776,33.63,5,1046,5.74,71,5,2,0,1,1,4,25,3,18,16.67,0,51,0
8/31/2019,396.9008,119,3.3353,34.88,1,1196,7.02,82,2,5,0,1,1,3,33.33,2,17,11.76,1,78,1.28
9/1/2019,534.3536,137,3.9004,41.92,5,1373,7.57,93,5,7,0,3,2,6,33.33,5,23,21.74,2,106,1.89
9/2/2019,535.1742,170,3.1481,31.94,4,1381,7.53,111,5,10,2,0,1,4,25,3,28,10.71,4,95,4.21
9/3/2019,681.1168,225,3.0272,27.47,9,2127,6.44,117,9,13,1,1,1,2,50,2,40,5,1,115,0.87
9/4/2019,371.2231,154,2.4105,20.57,2,1560,6.15,109,2,4,1,1,0,0,,0,16,0,2,59,3.39
9/5/2019,482.5686,148,3.2606,32.78,7,1443,6.31,101,7,6,0,1,0,0,,0,16,0,3,77,3.9
9/6/2019,329.7647,112,2.9443,25.9,4,1073,6.34,98,4,1,2,1,0,0,,0,14,0,0,57,0
9/7/2019,455.0308,137,3.3214,29.75,4,1130,6.46,95,4,5,0,1,0,1,0,1,17,5.88,2,86,2.33
9/8/2019,568.2444,157,3.6194,31.89,3,1409,6.46,114,3,6,1,0,1,3,33.33,2,27,7.41,2,119,1.68
9/9/2019,469.1316,132,3.554,33.95,5,1617,5.38,95,6,0,0,0,2,6,33.33,4,23,17.39,4,88,4.55
9/10/2019,575.2242,203,2.8336,28.03,5,1571,8.85,132,6,5,0,1,0,1,0,0,31,0,5,145,3.45
9/11/2019,572.5456,158,3.6237,37,8,1295,7.34,109,8,6,1,0,0,0,,0,25,0,2,116,1.72
9/12/2019,638.7364,191,3.3442,36.58,4,1459,7.81,122,5,8,2,2,0,6,0,2,37,5.41,3,120,2.5
9/13/2019,863.9549,399,2.1653,30.45,10,2560,5.66,321,13,16,4,0,1,6,16.67,3,107,2.8,3,186,1.61
9/14/2019,582.3698,214,2.7214,33.24,10,1540,6.43,165,10,7,3,1,1,3,33.33,2,41,4.88,2,98,2.04
9/15/2019,447.8639,177,2.5303,26.55,3,1658,7,137,4,2,4,0,1,4,25,1,20,5,1,94,1.06
9/16/2019,328.4754,125,2.6278,28.38,0,1321,4.92,93,1,1,0,0,1,1,100,1,16,6.25,1,49,2.04
9/17/2019,453.8665,133,3.4125,36.78,5,1284,6,99,6,4,2,0,1,3,33.33,2,17,11.76,4,102,3.92
9/18/2019,485.4969,150,3.2367,35.55,3,1328,6.7,94,3,4,1,2,0,2,0,1,25,4,4,121,3.31
9/19/2019,346.3476,123,2.8158,28.16,3,1270,6.54,99,3,3,1,0,1,2,50,1,14,7.14,1,61,1.64
9/20/2019,354.4352,134,2.645,28.66,4,1229,7,110,4,2,0,0,0,0,,0,9,0,1,91,1.1
9/21/2019,439.4963,154,2.8539,31.53,2,1812,5.24,106,4,10,1,2,0,1,0,1,21,4.76,1,96,1.04
9/22/2019,584.8202,163,3.5878,35.01,2,1821,5.11,114,4,7,2,2,1,1,100,1,12,8.33,1,103,0.97
9/23/2019,643.8071,225,2.8614,30.59,4,2089,6.03,130,4,4,0,0,1,3,33.33,2,22,9.09,1,109,0.92
9/24/2019,627.3624,179,3.5048,33.82,3,1750,6.34,137,3,3,1,0,0,0,,0,31,0,6,126,4.76
9/25/2019,455.4559,171,2.6635,28.13,6,1603,6.61,116,6,6,1,1,1,1,100,1,14,7.14,1,79,1.27
9/26/2019,490.8707,145,3.3853,34.4,4,1345,6.25,119,5,2,1,0,1,2,50,1,17,5.88,4,90,4.44
9/27/2019,394.3887,123,3.2064,33.6,7,1359,5.67,97,7,4,4,2,2,2,100,2,18,11.11,0,72,0
9/28/2019,663.1669,220,3.0144,30.09,7,1919,5.78,155,9,9,3,3,0,1,0,1,8,12.5,6,116,5.17
9/29/2019,696.9981,247,2.8218,25.99,6,2138,6.27,175,7,13,2,1,5,10,50,7,23,30.43,5,114,4.39
9/30/2019,667.9393,193,3.4608,34.28,6,1640,6.83,144,6,5,0,1,1,3,33.33,2,17,11.76,6,119,5.04
10/1/2019,557.6753,183,3.0474,30.76,4,1493,7.3,133,4,8,1,1,0,3,0,2,24,8.33,4,105,3.81
10/2/2019,608.4328,172,3.5374,32.16,2,1405,7.4,126,2,4,2,0,3,5,60,2,21,9.52,2,80,2.5
10/3/2019,376.2239,143,2.6309,25.09,2,1388,6.7,109,4,0,0,0,0,1,0,1,15,6.67,4,51,7.84
10/4/2019,496.1502,164,3.0253,30.92,2,1336,5.91,106,2,6,4,0,0,3,0,2,22,9.09,2,119,1.68
10/5/2019,500.7945,177,2.8293,24.94,5,1238,8.89,118,5,7,1,0,1,3,33.33,3,12,25,8,82,9.76
10/6/2019,385.1101,127,3.0324,30.86,2,1352,6.43,104,2,2,1,1,1,3,33.33,2,15,13.33,0,60,0
10/7/2019,484.634,154,3.147,29.96,6,1338,7.62,120,7,8,3,1,0,1,0,0,19,0,2,92,2.17
10/8/2019,538.9713,159,3.3897,32.32,6,1262,8.95,121,6,5,0,4,1,6,16.67,3,20,15,0,78,0
10/9/2019,562.4173,155,3.6285,36.23,3,1411,6.8,115,3,5,0,0,1,3,33.33,2,14,14.29,3,90,3.33
10/10/2019,349.8058,139,2.5166,26.46,-1,1576,5.58,109,0,3,0,1,0,0,,0,8,0,3,68,4.41
10/11/2019,383.2685,133,2.8817,31.89,5,1332,6.76,104,6,3,3,1,1,4,25,2,15,13.33,2,95,2.11
10/12/2019,869.0454,294,2.9559,28.42,22,2733,6.92,208,24,10,3,0,2,5,40,4,22,18.18,3,125,2.4
10/13/2019,562.1281,192,2.9278,29.3,3,1910,6.65,145,4,8,2,0,3,6,50,3,28,10.71,1,100,1
10/14/2019,580.9577,169,3.4376,33.1,2,1696,6.72,122,3,10,1,1,0,0,,0,22,0,3,108,2.78
10/15/2019,641.5622,196,3.2733,31.1,10,1779,6.58,135,10,5,1,0,1,3,33.33,2,23,8.7,6,123,4.88
10/16/2019,769.8792,243,3.1682,35.24,7,2553,6.19,179,9,12,3,3,1,1,100,1,47,2.13,3,126,2.38
10/17/2019,576.9285,225,2.5641,26.08,7,2742,5.8,0,7,7,1,,0,0,,0,0,,0,0,
